Workbook

Sheet tneb1
A1: Tamil Nadu Electricity Bill Charge Info
A3: Consuption Unit Upto 500 Units
A4: Units From | B4: To Units | C4: Per Unit Cost | E4: Previou Reading | F4: 0
A5: 1 | B5: 100 | C5: 0
A6: =B5+1 -> 101 | B6: 200 | C6: 2.25 | E6: Current Reading | F6: 1050
A7: =B6+1 -> 201 | B7: 400 | C7: 4.5
A8: =B7+1 -> 401 | B8: 500 | C8: 6 | E8: Net Reading | F8: =F6-F4 -> 1050
A10: Consumption Above 500 Units
A11: Units From | B11: To Units | C11: Per Unit Cost | E11: Consume Units Range | F11: Per Unit Cost | G11: Consume Units Cost
A12: 1 | B12: 100 | C12: 0 | E12: =IF(tneb2!A2<>"",tneb2!A2,IF(tneb2!B2<>"",tneb2!B2,"")) -> 100 | F12: =IF(tneb2!A2<>"",C5,IF(tneb2!B2<>"",C12,"")) -> 0 | G12: =IFERROR(E12*F12,"") -> 0
A13: =B12+1 -> 101 | B13: 400 | C13: 4.5 | E13: =IF(tneb2!A3<>"",tneb2!A3,IF(tneb2!B3<>"",tneb2!B3,"")) -> 300 | F13: =IF(tneb2!A3<>"",C6,IF(tneb2!B3<>"",C13,"")) -> 4.5 | G13: =IFERROR(E13*F13,"") -> 1350
A14: =B13+1 -> 401 | B14: 500 | C14: 6 | E14: =IF(tneb2!A4<>"",tneb2!A4,IF(tneb2!B4<>"",tneb2!B4,"")) -> 100 | F14: =IF(tneb2!A4<>"",C7,IF(tneb2!B4<>"",C14,"")) -> 6 | G14: =IFERROR(E14*F14,"") -> 600
A15: =B14+1 -> 501 | B15: 600 | C15: 8 | E15: =IF(tneb2!A5<>"",tneb2!A5,IF(tneb2!B5<>"",tneb2!B5,"")) -> 100 | F15: =IF(tneb2!A5<>"",C8,IF(tneb2!B5<>"",C15,"")) -> 8 | G15: =IFERROR(E15*F15,"") -> 800
A16: =B15+1 -> 601 | B16: 800 | C16: 9 | E16: =IF(tneb2!A6<>"",[1]tnrb2!A6,IF(tneb2!B6<>"",tneb2!B6,"")) -> 200 | F16: =IF(tneb2!A6<>"",C9,IF(tneb2!B6<>"",C16,"")) -> 9 | G16: =IFERROR(E16*F16,"") -> 1800
A17: =B16+1 -> 801 | B17: 1000 | C17: 10 | E17: =IF(tneb2!A7<>"",tneb2!A7,IF(tneb2!B7<>"",tneb2!B7,"")) -> 200 | F17: =IF(tneb2!A7<>"",C10,IF(tneb2!B7<>"",C17,"")) -> 10 | G17: =IFERROR(E17*F17,"") -> 2000
A18: =B17+1 -> 1001 | B18: =IF(F8>=1001,F8,"…") -> 1050 | C18: 11 | E18: =IF(tneb2!A8<>"",tneb2!A8,IF(tneb2!B8<>"",tneb2!B8,"")) -> 50 | F18: =IF(tneb2!A8<>"",C11,IF(tneb2!B8<>"",C18,"")) -> 11 | G18: =IFERROR(E18*F18,"") -> 550
E19: =IF(SUM(E12:E18)>0,SUM(E12:E18),"") -> 1050 | F19: Net Pay | G19: =SUM(G12:G18) -> 7100

Sheet tneb2
A1: Consume Units Range <=500 | B1: Consume Units >500 | C1: Consume Units Range
A2: =IF(tneb1!F8<=500,IF(tneb1!F8>100,100,IF(tneb1!F8>0,tneb1!F8,"")),"") | B2: =IF(tneb1!F8<=500,"",IF(tneb1!F8>100,100,IF(tneb1!F8>0,tneb1!F8,""))) -> 100 | C2: =tneb1!E12 -> 100
A3: =IF(tneb1!F8<=500,IF(tneb1!F8>200,100,IF(tneb1!F8>100,tneb1!F8-100,"")),"") | B3: =IF(tneb1!F8<=500,"",IF(tneb1!F8>400,300,IF(tneb1!F8>100,tneb1!F8-100,""))) -> 300 | C3: =tneb1!E13 -> 300
A4: =IF(tneb1!F8<=500,IF(tneb1!F8>400,200,IF(tneb1!F8>200,tneb1!F8-200,"")),"") | B4: =IF(tneb1!F8<=500,"",IF(tneb1!F8>500,100,IF(tneb1!F8>400,tneb1!F8-400,""))) -> 100 | C4: =tneb1!E14 -> 100
A5: =IF(tneb1!F8<=500,IF(tneb1!F8>400,tneb1!F8-400,""),"") | B5: =IF(tneb1!F8<=500,"",IF(tneb1!F8>600,100,IF(tneb1!F8>500,tneb1!F8-500,""))) -> 100 | C5: =tneb1!E15 -> 100
B6: =IF(tneb1!F8<=500,"",IF(tneb1!F8>800,200,IF(tneb1!F8>600,tneb1!F8-600,""))) -> 200 | C6: =tneb1!E16 -> 200
B7: =IF(tneb1!F8<=500,"",IF(tneb1!F8>1000,200,IF(tneb1!F8>800,tneb1!F8-800,""))) -> 200 | C7: =tneb1!E17 -> 200
B8: =IF(tneb1!F8<=500,"",IF(tneb1!F8>1000,tneb1!F8-1000,"")) -> 50 | C8: =tneb1!E18 -> 50
A9: =IF(SUM(A2:A8)>0,SUM(A2:A8),"") | B9: =IF(SUM(B2:B8)>0,SUM(B2:B8),"") -> 1050 | C9: =IF(SUM(C2:C8)>0,SUM(C2:C8),"") -> 1050
